[
  {
    "date": "2026-02-01",
    "weekday": "Sunday",
    "malayalam_date": "മകരം 20",
    "nakshatram": "പൂയം",
    "tithi": "ചതുർദ്ദശി",
    "sunrise": "06:30",
    "sunset": "18:30",
    "rahukalam": "16:30 - 18:00",
    "festival": "Thaipooyam, Pradosh Vrat, Magha Purnima",
    "vratham": "Pradosh Vrat"
  },
  {
    "date": "2026-02-02",
    "weekday": "Monday",
    "malayalam_date": "മകരം 21",
    "nakshatram": "ആയില്യം",
    "tithi": "പൗർണ്ണമി/അമാവാസി",
    "sunrise": "06:30",
    "sunset": "18:30",
    "rahukalam": "07:30 - 09:00",
    "festival": null,
    "vratham": null
  },
  {
    "date": "2026-02-03",
    "weekday": "Tuesday",
    "malayalam_date": "മകരം 22",
    "nakshatram": "മകം",
    "tithi": "പ്രഥമ",
    "sunrise": "06:30",
    "sunset": "18:30",
    "rahukalam": "15:00 - 16:30",
    "festival": null,
    "vratham": null
  },
  {
    "date": "2026-02-04",
    "weekday": "Wednesday",
    "malayalam_date": "മകരം 23",
    "nakshatram": "പൂരം",
    "tithi": "ദ്വിതീയ",
    "sunrise": "06:30",
    "sunset": "18:30",
    "rahukalam": "12:00 - 13:30",
    "festival": null,
    "vratham": null
  },
  {
    "date": "2026-02-05",
    "weekday": "Thursday",
    "malayalam_date": "മകരം 24",
    "nakshatram": "ഉത്രം",
    "tithi": "തൃതീയ",
    "sunrise": "06:30",
    "sunset": "18:30",
    "rahukalam": "13:30 - 15:00",
    "festival": "Sankashti Chaturthi",
    "vratham": "Sankashti Chaturthi"
  },
  {
    "date": "2026-02-06",
    "weekday": "Friday",
    "malayalam_date": "മകരം 25",
    "nakshatram": "അത്തം",
    "tithi": "ചതുർത്ഥി",
    "sunrise": "06:30",
    "sunset": "18:30",
    "rahukalam": "10:30 - 12:00",
    "festival": null,
    "vratham": null
  },
  {
    "date": "2026-02-07",
    "weekday": "Saturday",
    "malayalam_date": "മകരം 26",
    "nakshatram": "ചിത്തിര",
    "tithi": "പഞ്ചമി",
    "sunrise": "06:30",
    "sunset": "18:30",
    "rahukalam": "09:00 - 10:30",
    "festival": null,
    "vratham": null
  },
  {
    "date": "2026-02-08",
    "weekday": "Sunday",
    "malayalam_date": "മകരം 27",
    "nakshatram": "ചോതി",
    "tithi": "ഷഷ്ടി",
    "sunrise": "06:30",
    "sunset": "18:30",
    "rahukalam": "16:30 - 18:00",
    "festival": null,
    "vratham": null
  },
  {
    "date": "2026-02-09",
    "weekday": "Monday",
    "malayalam_date": "മകരം 28",
    "nakshatram": "വിശാഖം",
    "tithi": "സപ്തമി",
    "sunrise": "06:30",
    "sunset": "18:30",
    "rahukalam": "07:30 - 09:00",
    "festival": null,
    "vratham": null
  },
  {
    "date": "2026-02-10",
    "weekday": "Tuesday",
    "malayalam_date": "മകരം 29",
    "nakshatram": "അനിഴം",
    "tithi": "അഷ്ടമി",
    "sunrise": "06:30",
    "sunset": "18:30",
    "rahukalam": "15:00 - 16:30",
    "festival": null,
    "vratham": null
  },
  {
    "date": "2026-02-11",
    "weekday": "Wednesday",
    "malayalam_date": "മകരം 30",
    "nakshatram": "തൃക്കേട്ട",
    "tithi": "നവമി",
    "sunrise": "06:30",
    "sunset": "18:30",
    "rahukalam": "12:00 - 13:30",
    "festival": null,
    "vratham": null
  },
  {
    "date": "2026-02-12",
    "weekday": "Thursday",
    "malayalam_date": "മകരം 31",
    "nakshatram": "മൂലം",
    "tithi": "ദശമി",
    "sunrise": "06:30",
    "sunset": "18:30",
    "rahukalam": "13:30 - 15:00",
    "festival": "Vijaya Ekadashi, Sabarimala Monthly Pooja Begins",
    "vratham": "Ekadashi"
  },
  {
    "date": "2026-02-13",
    "weekday": "Friday",
    "malayalam_date": "മകരം 32",
    "nakshatram": "പൂരാടം",
    "tithi": "ഏകാദശി",
    "sunrise": "06:30",
    "sunset": "18:30",
    "rahukalam": "10:30 - 12:00",
    "festival": null,
    "vratham": null
  },
  {
    "date": "2026-02-14",
    "weekday": "Saturday",
    "malayalam_date": "കുംഭം 1",
    "nakshatram": "ഉത്രാടം",
    "tithi": "ദ്വാദശി",
    "sunrise": "06:30",
    "sunset": "18:30",
    "rahukalam": "09:00 - 10:30",
    "festival": null,
    "vratham": null
  },
  {
    "date": "2026-02-15",
    "weekday": "Sunday",
    "malayalam_date": "കുംഭം 2",
    "nakshatram": "തിരുവോണം",
    "tithi": "ത്രയോദശി",
    "sunrise": "06:30",
    "sunset": "18:30",
    "rahukalam": "16:30 - 18:00",
    "festival": "Maha Shivaratri",
    "vratham": "Shivaratri Vrat"
  },
  {
    "date": "2026-02-16",
    "weekday": "Monday",
    "malayalam_date": "കുംഭം 3",
    "nakshatram": "അവിട്ടം",
    "tithi": "ചതുർദ്ദശി",
    "sunrise": "06:30",
    "sunset": "18:30",
    "rahukalam": "07:30 - 09:00",
    "festival": null,
    "vratham": null
  },
  {
    "date": "2026-02-17",
    "weekday": "Tuesday",
    "malayalam_date": "കുംഭം 4",
    "nakshatram": "ചതയം",
    "tithi": "പൗർണ്ണമി/അമാവാസി",
    "sunrise": "06:30",
    "sunset": "18:30",
    "rahukalam": "15:00 - 16:30",
    "festival": null,
    "vratham": null
  },
  {
    "date": "2026-02-18",
    "weekday": "Wednesday",
    "malayalam_date": "കുംഭം 5",
    "nakshatram": "പൂരുരുട്ടാതി",
    "tithi": "പ്രഥമ",
    "sunrise": "06:30",
    "sunset": "18:30",
    "rahukalam": "12:00 - 13:30",
    "festival": null,
    "vratham": null
  },
  {
    "date": "2026-02-19",
    "weekday": "Thursday",
    "malayalam_date": "കുംഭം 6",
    "nakshatram": "ഉത്രട്ടാതി",
    "tithi": "ദ്വിതീയ",
    "sunrise": "06:30",
    "sunset": "18:30",
    "rahukalam": "13:30 - 15:00",
    "festival": "Pariyanampetta Pooram",
    "vratham": null
  },
  {
    "date": "2026-02-20",
    "weekday": "Friday",
    "malayalam_date": "കുംഭം 7",
    "nakshatram": "രേവതി",
    "tithi": "തൃതീയ",
    "sunrise": "06:30",
    "sunset": "18:30",
    "rahukalam": "10:30 - 12:00",
    "festival": "Pariyanampetta Pooram",
    "vratham": null
  },
  {
    "date": "2026-02-21",
    "weekday": "Saturday",
    "malayalam_date": "കുംഭം 8",
    "nakshatram": "അശ്വതി",
    "tithi": "ചതുർത്ഥി",
    "sunrise": "06:30",
    "sunset": "18:30",
    "rahukalam": "09:00 - 10:30",
    "festival": null,
    "vratham": null
  },
  {
    "date": "2026-02-22",
    "weekday": "Sunday",
    "malayalam_date": "കുംഭം 9",
    "nakshatram": "ഭരണി",
    "tithi": "പഞ്ചമി",
    "sunrise": "06:30",
    "sunset": "18:30",
    "rahukalam": "16:30 - 18:00",
    "festival": "Kuttikkol Thampuratty Theyyam Begins",
    "vratham": null
  },
  {
    "date": "2026-02-23",
    "weekday": "Monday",
    "malayalam_date": "കുംഭം 10",
    "nakshatram": "കാർത്തിക",
    "tithi": "ഷഷ്ടി",
    "sunrise": "06:30",
    "sunset": "18:30",
    "rahukalam": "07:30 - 09:00",
    "festival": "Kuttikkol Thampuratty Theyyam",
    "vratham": null
  },
  {
    "date": "2026-02-24",
    "weekday": "Tuesday",
    "malayalam_date": "കുംഭം 11",
    "nakshatram": "രോഹിണി",
    "tithi": "സപ്തമി",
    "sunrise": "06:30",
    "sunset": "18:30",
    "rahukalam": "15:00 - 16:30",
    "festival": "Kuttikkol Thampuratty Theyyam",
    "vratham": null
  },
  {
    "date": "2026-02-25",
    "weekday": "Wednesday",
    "malayalam_date": "കുംഭം 12",
    "nakshatram": "മകയിരം",
    "tithi": "അഷ്ടമി",
    "sunrise": "06:30",
    "sunset": "18:30",
    "rahukalam": "12:00 - 13:30",
    "festival": "Uthralikavu Pooram, Kuttikkol Thampuratty Theyyam",
    "vratham": null
  },
  {
    "date": "2026-02-26",
    "weekday": "Thursday",
    "malayalam_date": "കുംഭം 13",
    "nakshatram": "തിരുവാതിര",
    "tithi": "നവമി",
    "sunrise": "06:30",
    "sunset": "18:30",
    "rahukalam": "13:30 - 15:00",
    "festival": "Kuttikkol Thampuratty Theyyam",
    "vratham": null
  },
  {
    "date": "2026-02-27",
    "weekday": "Friday",
    "malayalam_date": "കുംഭം 14",
    "nakshatram": "പുണർതം",
    "tithi": "ദശമി",
    "sunrise": "06:30",
    "sunset": "18:30",
    "rahukalam": "10:30 - 12:00",
    "festival": "Amalaki Ekadashi, Kuttikkol Thampuratty Theyyam Ends",
    "vratham": "Ekadashi"
  },
  {
    "date": "2026-02-28",
    "weekday": "Saturday",
    "malayalam_date": "കുംഭം 15",
    "nakshatram": "പൂയം",
    "tithi": "ഏകാദശി",
    "sunrise": "06:30",
    "sunset": "18:30",
    "rahukalam": "09:00 - 10:30",
    "festival": null,
    "vratham": null
  }
]